{"cameraMode":{"drawMode":0,"name":"Shaded","section":"Shading Mode"},"sceneLighting":false,"audioPlay":false,"sceneViewState":{"showFog":true,"showMaterialUpdate":false,"showSkybox":true,"showFlares":true,"showImageEffects":true,"showParticleSystems":true},"in2DMode":false,"pivot":{"x":-4.50759220123291,"y":0.2690896987915039,"z":-31.571582794189454},"rotation":{"x":-0.27581682801246645,"y":-0.056175556033849719,"z":0.016150569543242456,"w":-0.9594314098358154},"size":4.041656970977783,"orthographic":false}