{"cameraMode":{"drawMode":0,"name":"Shaded","section":"Shading Mode"},"sceneLighting":false,"audioPlay":false,"sceneViewState":{"showFog":true,"showMaterialUpdate":false,"showSkybox":true,"showFlares":true,"showImageEffects":true,"showParticleSystems":true},"in2DMode":false,"pivot":{"x":5.17999267578125,"y":0.0,"z":-31.57900047302246},"rotation":{"x":-0.2719420790672302,"y":0.011562769301235676,"z":-0.0032665447797626259,"w":-0.962238609790802},"size":2.8578877449035646,"orthographic":false}